len,n,deepseek-chat,deepseek-R1-8b,deepseek-R1-32b,deepseek-R1-70b,deepseek-reasoner,gpt-4.1,gpt-4.1-mini,llama-3.1-8b,llama-3.1-70b,o3-mini,o4-mini,QwQ-32B
behavioral,66,33.33,7.580000000000001,9.09,16.669999999999998,42.42,34.849999999999994,24.240000000000002,7.580000000000001,24.240000000000002,24.240000000000002,30.3,31.819999999999997
numerical,22,50.0,9.09,36.36,36.36,63.63999999999999,25.0,22.73,13.639999999999999,36.36,36.36,36.36,50.0
physical,141,31.47,11.89,18.88,19.86,44.06,39.01,22.38,11.89,25.53,28.67,34.27,34.04
spatial,57,35.089999999999996,7.02,12.280000000000001,12.280000000000001,54.39000000000001,38.6,24.560000000000002,14.04,31.580000000000002,21.05,40.35,45.61
spelling,7,28.57,14.29,0.0,28.57,28.57,28.57,14.29,0.0,28.57,42.86,42.86,42.86
temporal,33,32.35,5.88,20.59,15.15,52.94,25.0,20.59,11.76,18.18,8.82,17.65,30.3
