len,n,deepseek-chat,deepseek-R1-8b,deepseek-R1-32b,deepseek-R1-70b,deepseek-reasoner,gpt-4.1,gpt-4.1-mini,llama-3.1-8b,llama-3.1-70b,o3-mini,o4-mini,QwQ-32B
20-59,34,32.35,8.82,24.14,8.82,50.0,41.94,29.409999999999997,17.65,29.409999999999997,29.409999999999997,38.24,38.24
60-83,38,47.370000000000005,10.530000000000001,27.589999999999996,31.580000000000002,47.370000000000005,23.68,21.05,10.530000000000001,42.11,26.32,28.95,36.84
85-104,31,25.81,25.81,15.790000000000001,19.35,32.26,38.71,38.71,6.45,25.81,35.480000000000004,41.94,32.26
105-125,38,31.580000000000002,5.26,13.51,23.68,50.0,39.47,23.68,10.530000000000001,34.21,26.32,42.11,39.47
126-149,37,27.500000000000004,7.5,10.81,8.110000000000001,50.0,25.0,20.0,7.5,16.220000000000002,32.5,25.0,29.73
150-179,39,35.9,5.13,20.0,23.080000000000002,46.150000000000006,43.59,15.379999999999999,15.379999999999999,17.95,25.64,35.9,38.46
180-264,44,27.27,9.09,6.25,13.639999999999999,40.910000000000004,38.64,15.909999999999998,4.55,15.909999999999998,20.45,34.089999999999996,36.36
