{
  "AA123": {
    "num_problems": 133,
    "num_characters": 77,
    "avg_num_characters": 10.887218045112782,
    "avg_context_length": 19073.022556390977,
    "avg_testimonies": 5.684210526315789,
    "max_testimonies": 11,
    "avg_evidences": 20.804511278195488,
    "max_evidences": 32,
    "avg_reasoning_kinds": 1.3383458646616542,
    "avg_len_reasoning_chain": 2.819548872180451
  },
  "AA456": {
    "num_problems": 116,
    "num_characters": 102,
    "avg_num_characters": 13.008620689655173,
    "avg_context_length": 29225.327586206895,
    "avg_testimonies": 5.4655172413793105,
    "max_testimonies": 8,
    "avg_evidences": 21.24137931034483,
    "max_evidences": 33,
    "avg_reasoning_kinds": 1.1206896551724137,
    "avg_len_reasoning_chain": 2.7241379310344827
  },
  "GAA12": {
    "num_problems": 56,
    "num_characters": 54,
    "avg_num_characters": 13.035714285714286,
    "avg_context_length": 32633.89285714286,
    "avg_testimonies": 5.696428571428571,
    "max_testimonies": 7,
    "avg_evidences": 18.535714285714285,
    "max_evidences": 30,
    "avg_reasoning_kinds": 1.0357142857142858,
    "avg_len_reasoning_chain": 3.0
  },
  "AAI12": {
    "num_problems": 99,
    "num_characters": 62,
    "avg_num_characters": 12.737373737373737,
    "avg_context_length": 32566.868686868685,
    "avg_testimonies": 5.02020202020202,
    "max_testimonies": 8,
    "avg_evidences": 25.717171717171716,
    "max_evidences": 38,
    "avg_reasoning_kinds": 1.0707070707070707,
    "avg_len_reasoning_chain": 2.7474747474747474
  },
  "DGRP1": {
    "num_problems": 52,
    "num_characters": 0,
    "avg_num_characters": 0,
    "avg_context_length": 2494.019230769231,
    "avg_testimonies": 6.519230769230769,
    "max_testimonies": 14,
    "avg_evidences": 17.903846153846153,
    "max_evidences": 21,
    "avg_reasoning_kinds": 1.1153846153846154,
    "avg_len_reasoning_chain": 2.6346153846153846
  },
  "overall": {
    "num_problems": 456,
    "num_characters": 275,
    "avg_num_characters": 12.247524752475247,
    "avg_context_length": 24359.99342105263,
    "avg_testimonies": 5.581140350877193,
    "max_testimonies": 14,
    "avg_evidences": 21.37280701754386,
    "max_evidences": 38,
    "avg_reasoning_kinds": 1.162280701754386,
    "avg_len_reasoning_chain": 2.780701754385965
  }
}