{
  "AA123": {
    "num_problems": 85,
    "num_characters": 77,
    "num_self_contained_problems": 0,
    "avg_num_characters": 10.694117647058823,
    "avg_context_length": 18606.235294117647,
    "avg_testimonies": 5.894117647058824,
    "max_testimonies": 10,
    "avg_evidences": 20.176470588235293,
    "max_evidences": 32,
    "avg_reasoning_kinds": 1.964705882352941,
    "avg_len_reasoning_chain": 3.5176470588235293,
    "max_len_reasoning_chain": 9
  },
  "AA456": {
    "num_problems": 72,
    "num_characters": 102,
    "num_self_contained_problems": 0,
    "avg_num_characters": 13.569444444444445,
    "avg_context_length": 29150.805555555555,
    "avg_testimonies": 5.569444444444445,
    "max_testimonies": 8,
    "avg_evidences": 21.125,
    "max_evidences": 33,
    "avg_reasoning_kinds": 1.7777777777777777,
    "avg_len_reasoning_chain": 3.7777777777777777,
    "max_len_reasoning_chain": 10
  },
  "GAA12": {
    "num_problems": 43,
    "num_characters": 54,
    "num_self_contained_problems": 0,
    "avg_num_characters": 13.209302325581396,
    "avg_context_length": 35533.20930232558,
    "avg_testimonies": 5.744186046511628,
    "max_testimonies": 7,
    "avg_evidences": 18.58139534883721,
    "max_evidences": 30,
    "avg_reasoning_kinds": 1.6046511627906976,
    "avg_len_reasoning_chain": 3.604651162790698,
    "max_len_reasoning_chain": 6
  },
  "AAI12": {
    "num_problems": 69,
    "num_characters": 62,
    "num_self_contained_problems": 0,
    "avg_num_characters": 12.55072463768116,
    "avg_context_length": 34416.782608695656,
    "avg_testimonies": 5.101449275362318,
    "max_testimonies": 8,
    "avg_evidences": 25.28985507246377,
    "max_evidences": 38,
    "avg_reasoning_kinds": 1.6376811594202898,
    "avg_len_reasoning_chain": 3.5072463768115942,
    "max_len_reasoning_chain": 8
  },
  "DGRP1": {
    "num_problems": 37,
    "num_characters": 0,
    "num_self_contained_problems": 0,
    "avg_num_characters": 0,
    "avg_context_length": 2169.864864864865,
    "avg_testimonies": 6.675675675675675,
    "max_testimonies": 11,
    "avg_evidences": 18.0,
    "max_evidences": 21,
    "avg_reasoning_kinds": 1.162162162162162,
    "avg_len_reasoning_chain": 3.2972972972972974,
    "max_len_reasoning_chain": 5
  },
  "overall": {
    "num_problems": 306,
    "num_characters": 275,
    "num_self_contained_problems": 0,
    "avg_num_characters": 12.342007434944238,
    "avg_context_length": 25043.656862745098,
    "avg_testimonies": 5.712418300653595,
    "max_testimonies": 11,
    "avg_evidences": 21.065359477124183,
    "max_evidences": 38,
    "avg_reasoning_kinds": 1.6993464052287581,
    "avg_len_reasoning_chain": 3.5620915032679736,
    "max_len_reasoning_chain": 10
  }
}