len,deepseek-chat,deepseek-R1-8b,deepseek-R1-32b,deepseek-R1-70b,deepseek-reasoner,gpt-4.1,gpt-4.1-mini,llama-3.1-8b,llama-3.1-70b,o3-mini,o4-mini,QwQ-32B
2,0.3492443277111182,0.0,0.10362299537513231,0.1788208207567646,0.4429198127627299,0.04328126270945251,0.10362299537513231,0.03887449732033084,0.3492443277111182,0.4429198127627299,0.1788208207567646,0.6490775408296778
3,0.31988562042744045,0.1055209588171232,0.17037085040764133,0.1778158562643905,0.48952086324912697,0.42409405263840827,0.22726736904077563,0.08694624319237597,0.27054306105571274,0.32657229086734657,0.38713516965055306,0.3927279568546868
4,0.2148951760612486,0.05953949098224729,0.06759060877375504,0.09653903320711457,0.2559059863800508,0.1637469368449326,0.1612812443178631,0.05953949098224729,0.13502701871181694,0.12206620167253769,0.2559059863800508,0.1745565110222523
5,0.2710949948297595,0.0,0.1584170000084847,0.1322479687381219,0.34493085460636796,0.23517799660094954,0.09999999999999999,0.015384615384615384,0.040550645019996306,0.040550645019996306,0.1322479687381219,0.23517799660094954
6,0.07902378608794815,0.029779517360831193,0.04328126270945251,0.14760470537813927,0.4024512875204955,0.2625724648200069,0.1973147582628954,0.1357658083170781,0.08581251457797338,0.029779517360831193,0.1357658083170781,0.14760470537813927
7,0.5,0.0,0.0,0.0,0.0,0.0,0.0,0.0,0.5,0.0,0.0,0.0
8,0.0,0.0,0,0.0,0.0,0.0,0.0,0.0,0.0,0.0,0.0,0.0
9,0.5,0.0,0.0,0.0,0.5,0.0,0.0,0.0,0.0,0.0,0.0,0.0
10,0.5,0.0,0.0,0.0,0.0,0.0,0.0,0.5,0.5,0.5,0.0,0.5
